timestamp,project_name,run_id,experiment_id,duration,emissions,emissions_rate,cpu_power,gpu_power,ram_power,cpu_energy,gpu_energy,ram_energy,energy_consumed,water_consumed,country_name,country_iso_code,region,cloud_provider,cloud_region,os,python_version,codecarbon_version,cpu_count,cpu_model,gpu_count,gpu_model,longitude,latitude,ram_total_size,tracking_mode,on_cloud,pue,wue
2025-10-30T16:36:41,codecarbon,301682d0-8b7f-478a-b020-f6ce7fd0ac91,5b0fa12a-3dd7-45bb-9766-cc326314d9f1,1.028812876000302,4.10906046090955e-05,3.993982342915724e-05,12.8412313472,190.6015097271597,10.0,1.8660134029138104e-06,5.427809897800076e-05,1.4508458694460084e-06,5.7594958250360576e-05,0.0,India,IND,uttar pradesh,,,Linux-6.17.3-3-cachyos-x86_64-with-glibc2.39,3.12.3,3.0.8,32.0,13th Gen Intel(R) Core(TM) i9-13900HX,1.0,1 x NVIDIA GeForce RTX 4070 Laptop GPU,80.3479,26.4631,15.347404479980469,machine,N,1.0,0.0
2025-10-30T16:36:41,codecarbon,8e3e5965-9a35-48da-9511-c14c188c2289,5b0fa12a-3dd7-45bb-9766-cc326314d9f1,1.019105973000478,3.1118524291764154e-05,3.053512109260256e-05,12.8486,143.2218054958894,10.0,1.829533389878368e-06,4.036642118199901e-05,1.4215615111121829e-06,4.361751608298956e-05,0.0,India,IND,uttar pradesh,,,Linux-6.17.3-3-cachyos-x86_64-with-glibc2.39,3.12.3,3.0.8,32.0,13th Gen Intel(R) Core(TM) i9-13900HX,1.0,1 x NVIDIA GeForce RTX 4070 Laptop GPU,80.3479,26.4631,15.347404479980469,machine,N,1.0,0.0
2025-10-30T16:36:41,codecarbon,74c31091-bf92-4593-bb41-28e36b554eb5,5b0fa12a-3dd7-45bb-9766-cc326314d9f1,1.018838636999135,3.222477883032799e-05,3.16289328457764e-05,12.9491873408,148.91882651738254,10.0,1.8391769088125447e-06,4.1910311305999245e-05,1.4186179499979012e-06,4.516810616480969e-05,0.0,India,IND,uttar pradesh,,,Linux-6.17.3-3-cachyos-x86_64-with-glibc2.39,3.12.3,3.0.8,32.0,13th Gen Intel(R) Core(TM) i9-13900HX,1.0,1 x NVIDIA GeForce RTX 4070 Laptop GPU,80.3479,26.4631,15.347404479980469,machine,N,1.0,0.0
2025-10-30T16:36:41,codecarbon,8ac651d2-7b25-4209-9f32-1e145f3a55c9,5b0fa12a-3dd7-45bb-9766-cc326314d9f1,1.017083831000491,3.22285952799865e-05,3.168725556111111e-05,12.9798152192,148.93380162866688,10.0,1.8441769200338752e-06,4.1910311305999245e-05,1.4189672944465e-06,4.517345552047962e-05,0.0,India,IND,uttar pradesh,,,Linux-6.17.3-3-cachyos-x86_64-with-glibc2.39,3.12.3,3.0.8,32.0,13th Gen Intel(R) Core(TM) i9-13900HX,1.0,1 x NVIDIA GeForce RTX 4070 Laptop GPU,80.3479,26.4631,15.347404479980469,machine,N,1.0,0.0
2025-10-30T16:36:41,codecarbon,de876d0f-bced-4f6e-81b2-e269d96ea5e7,5b0fa12a-3dd7-45bb-9766-cc326314d9f1,1.020566160999806,3.22349788979785e-05,3.158538870855687e-05,12.9845058176,148.7635106109688,10.0,1.8494655250461104e-06,4.1910311305999245e-05,1.4226263361100183e-06,4.518240316715538e-05,0.0,India,IND,uttar pradesh,,,Linux-6.17.3-3-cachyos-x86_64-with-glibc2.39,3.12.3,3.0.8,32.0,13th Gen Intel(R) Core(TM) i9-13900HX,1.0,1 x NVIDIA GeForce RTX 4070 Laptop GPU,80.3479,26.4631,15.347404479980469,machine,N,1.0,0.0
2025-10-30T16:36:41,codecarbon,838eca4b-298c-437e-9ed4-0b5b3e9683bc,5b0fa12a-3dd7-45bb-9766-cc326314d9f1,1.0173741470007371,3.223049770676238e-05,3.1680083282811225e-05,12.994130316800003,148.8553290686519,10.0,1.8466364515415503e-06,4.1910311305999245e-05,1.419174313888208e-06,4.517612207142901e-05,0.0,India,IND,uttar pradesh,,,Linux-6.17.3-3-cachyos-x86_64-with-glibc2.39,3.12.3,3.0.8,32.0,13th Gen Intel(R) Core(TM) i9-13900HX,1.0,1 x NVIDIA GeForce RTX 4070 Laptop GPU,80.3479,26.4631,15.347404479980469,machine,N,1.0,0.0
2025-10-30T16:36:41,codecarbon,c4774b7d-c852-472e-92c1-7ebf18f421e5,5b0fa12a-3dd7-45bb-9766-cc326314d9f1,1.016664040000251,3.223406952719476e-05,3.170572407300529e-05,13.0304433152,148.91558466590945,10.0,1.851472923575484e-06,4.1910311305999245e-05,1.4193443111101562e-06,4.518112854068488e-05,0.0,India,IND,uttar pradesh,,,Linux-6.17.3-3-cachyos-x86_64-with-glibc2.39,3.12.3,3.0.8,32.0,13th Gen Intel(R) Core(TM) i9-13900HX,1.0,1 x NVIDIA GeForce RTX 4070 Laptop GPU,80.3479,26.4631,15.347404479980469,machine,N,1.0,0.0
2025-10-30T16:36:41,codecarbon,185b961f-955b-4444-9034-96a1c2db6373,5b0fa12a-3dd7-45bb-9766-cc326314d9f1,1.0207358850002493,3.225537356121186e-05,3.160011716567012e-05,13.0710237824,148.37282218878295,10.0,1.871108576437872e-06,4.1910311305999245e-05,1.429569619444414e-06,4.521098950188153e-05,0.0,India,IND,uttar pradesh,,,Linux-6.17.3-3-cachyos-x86_64-with-glibc2.39,3.12.3,3.0.8,32.0,13th Gen Intel(R) Core(TM) i9-13900HX,1.0,1 x NVIDIA GeForce RTX 4070 Laptop GPU,80.3479,26.4631,15.347404479980469,machine,N,1.0,0.0
2025-10-30T16:36:41,codecarbon,d5ab92be-773f-420c-908a-4246517a38ef,5b0fa12a-3dd7-45bb-9766-cc326314d9f1,1.0272359410009813,3.2253950142623614e-05,3.139877496030175e-05,13.0710237824,147.89246239524007,10.0,1.8703401309528384e-06,4.1910311305999245e-05,1.428342919446853e-06,4.5208994356398935e-05,0.0,India,IND,uttar pradesh,,,Linux-6.17.3-3-cachyos-x86_64-with-glibc2.39,3.12.3,3.0.8,32.0,13th Gen Intel(R) Core(TM) i9-13900HX,1.0,1 x NVIDIA GeForce RTX 4070 Laptop GPU,80.3479,26.4631,15.347404479980469,machine,N,1.0,0.0
2025-10-30T16:36:41,codecarbon,ac2d6eb4-8faf-4f4c-9552-0caf07eb0521,5b0fa12a-3dd7-45bb-9766-cc326314d9f1,1.0228061599991634,4.076782582110941e-05,3.985879965871809e-05,13.1810757248,190.55811240244992,10.0,1.880100091085548e-06,5.383837640399874e-05,1.424056413887027e-06,5.714253290897132e-05,0.0,India,IND,uttar pradesh,,,Linux-6.17.3-3-cachyos-x86_64-with-glibc2.39,3.12.3,3.0.8,32.0,13th Gen Intel(R) Core(TM) i9-13900HX,1.0,1 x NVIDIA GeForce RTX 4070 Laptop GPU,80.3479,26.4631,15.347404479980469,machine,N,1.0,0.0
2025-10-30T16:36:41,codecarbon,57b767b9-ca76-4751-886f-d95ef47bd625,5b0fa12a-3dd7-45bb-9766-cc326314d9f1,1.026151997999477,4.0766253305027936e-05,3.972730490658627e-05,13.196627955200004,190.6518726222125,10.0,1.8794049147437163e-06,5.383837640399874e-05,1.4225474611117129e-06,5.714032877985417e-05,0.0,India,IND,uttar pradesh,,,Linux-6.17.3-3-cachyos-x86_64-with-glibc2.39,3.12.3,3.0.8,32.0,13th Gen Intel(R) Core(TM) i9-13900HX,1.0,1 x NVIDIA GeForce RTX 4070 Laptop GPU,80.3479,26.4631,15.347404479980469,machine,N,1.0,0.0
2025-10-30T16:36:41,codecarbon,f48fc42d-54cd-4f96-b838-a503b50b81ad,5b0fa12a-3dd7-45bb-9766-cc326314d9f1,1.0209734579984795,2.942143192129196e-05,2.881703896492064e-05,13.4174,134.2136645081628,10.0,1.91576669532234e-06,3.789780809600012e-05,1.4251988722207898e-06,4.123877366354325e-05,0.0,India,IND,uttar pradesh,,,Linux-6.17.3-3-cachyos-x86_64-with-glibc2.39,3.12.3,3.0.8,32.0,13th Gen Intel(R) Core(TM) i9-13900HX,1.0,1 x NVIDIA GeForce RTX 4070 Laptop GPU,80.3479,26.4631,15.347404479980469,machine,N,1.0,0.0
2025-10-30T16:36:41,codecarbon,b87e9f03-7648-4ce2-99ed-15dd7f0615b5,5b0fa12a-3dd7-45bb-9766-cc326314d9f1,1.0265365590003055,2.942946660702832e-05,2.8668698010802702e-05,13.4174,133.93232931885302,10.0,1.9221474069802577e-06,3.789780809600012e-05,1.430080038891093e-06,4.125003554187147e-05,0.0,India,IND,uttar pradesh,,,Linux-6.17.3-3-cachyos-x86_64-with-glibc2.39,3.12.3,3.0.8,32.0,13th Gen Intel(R) Core(TM) i9-13900HX,1.0,1 x NVIDIA GeForce RTX 4070 Laptop GPU,80.3479,26.4631,15.347404479980469,machine,N,1.0,0.0
2025-10-30T16:36:41,codecarbon,b7ec1111-5037-436d-807e-3569515b74ba,5b0fa12a-3dd7-45bb-9766-cc326314d9f1,1.027214441999604,2.945443695527645e-05,2.867408765976813e-05,13.6411194368,133.97133360397882,10.0,1.956803824274564e-06,3.789780809600012e-05,1.430423500000365e-06,4.1285035420275046e-05,0.0,India,IND,uttar pradesh,,,Linux-6.17.3-3-cachyos-x86_64-with-glibc2.39,3.12.3,3.0.8,32.0,13th Gen Intel(R) Core(TM) i9-13900HX,1.0,1 x NVIDIA GeForce RTX 4070 Laptop GPU,80.3479,26.4631,15.347404479980469,machine,N,1.0,0.0
2025-10-30T16:36:41,codecarbon,5b0baf29-bef0-4644-a9f1-5e37bc45cb8f,5b0fa12a-3dd7-45bb-9766-cc326314d9f1,1.0229354149996652,2.949351739884346e-05,2.8832238053712425e-05,14.1122,134.16608014272737,10.0,2.015423686134778e-06,3.789780809600012e-05,1.4265810388880912e-06,4.133981282102298e-05,0.0,India,IND,uttar pradesh,,,Linux-6.17.3-3-cachyos-x86_64-with-glibc2.39,3.12.3,3.0.8,32.0,13th Gen Intel(R) Core(TM) i9-13900HX,1.0,1 x NVIDIA GeForce RTX 4070 Laptop GPU,80.3479,26.4631,15.347404479980469,machine,N,1.0,0.0
2025-10-30T16:36:41,codecarbon,71c681c5-e674-4d90-b5fc-22b740bac71d,5b0fa12a-3dd7-45bb-9766-cc326314d9f1,1.0205433029987034,2.9509886014529063e-05,2.8915858766422726e-05,14.3727010688,134.38759116380086,10.0,2.0445305807184424e-06,3.789780809600012e-05,1.4204173388861815e-06,4.136275601560474e-05,0.0,India,IND,uttar pradesh,,,Linux-6.17.3-3-cachyos-x86_64-with-glibc2.39,3.12.3,3.0.8,32.0,13th Gen Intel(R) Core(TM) i9-13900HX,1.0,1 x NVIDIA GeForce RTX 4070 Laptop GPU,80.3479,26.4631,15.347404479980469,machine,N,1.0,0.0
2025-10-30T16:36:41,codecarbon,24675687-eba9-434c-8ad7-6f8e317c327b,5b0fa12a-3dd7-45bb-9766-cc326314d9f1,1.02555832500002,2.954757977150074e-05,2.8811213415385383e-05,14.6877897728,133.78863765224665,10.0,2.0939273522129823e-06,3.789780809600012e-05,1.4238543083340322e-06,4.141558975654713e-05,0.0,India,IND,uttar pradesh,,,Linux-6.17.3-3-cachyos-x86_64-with-glibc2.39,3.12.3,3.0.8,32.0,13th Gen Intel(R) Core(TM) i9-13900HX,1.0,1 x NVIDIA GeForce RTX 4070 Laptop GPU,80.3479,26.4631,15.347404479980469,machine,N,1.0,0.0
2025-10-30T16:36:41,codecarbon,4d874ecb-832a-4a0d-a7a1-3f913b727409,5b0fa12a-3dd7-45bb-9766-cc326314d9f1,1.0308916100002534,2.957141906104959e-05,2.868528444134133e-05,14.8014823808,133.70964099474585,10.0,2.121107737482211e-06,3.789780809600012e-05,1.4300884444461796e-06,4.1449004277928505e-05,0.0,India,IND,uttar pradesh,,,Linux-6.17.3-3-cachyos-x86_64-with-glibc2.39,3.12.3,3.0.8,32.0,13th Gen Intel(R) Core(TM) i9-13900HX,1.0,1 x NVIDIA GeForce RTX 4070 Laptop GPU,80.3479,26.4631,15.347404479980469,machine,N,1.0,0.0
2025-10-30T16:36:41,codecarbon,50c65447-22a1-45c9-8056-5606a4294386,5b0fa12a-3dd7-45bb-9766-cc326314d9f1,1.028149265999673,2.957123107267477e-05,2.8761612783842787e-05,14.8014823808,133.72748362715902,10.0,2.120215775483135e-06,3.789780809600012e-05,1.4307169111109236e-06,4.1448740782594175e-05,0.0,India,IND,uttar pradesh,,,Linux-6.17.3-3-cachyos-x86_64-with-glibc2.39,3.12.3,3.0.8,32.0,13th Gen Intel(R) Core(TM) i9-13900HX,1.0,1 x NVIDIA GeForce RTX 4070 Laptop GPU,80.3479,26.4631,15.347404479980469,machine,N,1.0,0.0
2025-10-30T16:36:41,codecarbon,b9cfc7c6-5c4d-4efb-ac37-7f8f5cac10cd,5b0fa12a-3dd7-45bb-9766-cc326314d9f1,1.0219057020003677,3.446249443800765e-05,3.372375197686808e-05,32.60053176320001,149.31608729932074,10.0,4.647972042129005e-06,4.223308934199997e-05,1.4235558694458128e-06,4.830461725357479e-05,0.0,India,IND,uttar pradesh,,,Linux-6.17.3-3-cachyos-x86_64-with-glibc2.39,3.12.3,3.0.8,32.0,13th Gen Intel(R) Core(TM) i9-13900HX,1.0,1 x NVIDIA GeForce RTX 4070 Laptop GPU,80.3479,26.4631,15.347404479980469,machine,N,1.0,0.0
2025-10-30T16:36:41,codecarbon,06ca2f1f-737d-4234-b23d-f0b0bec4dccb,5b0fa12a-3dd7-45bb-9766-cc326314d9f1,1.0222908059986366,4.213516093576137e-05,4.1216413850656855e-05,41.195864921600005,183.01893876948057,10.0,5.879234127442725e-06,5.175476362600032e-05,1.4250708111073134e-06,5.905906856455036e-05,0.0,India,IND,uttar pradesh,,,Linux-6.17.3-3-cachyos-x86_64-with-glibc2.39,3.12.3,3.0.8,32.0,13th Gen Intel(R) Core(TM) i9-13900HX,1.0,1 x NVIDIA GeForce RTX 4070 Laptop GPU,80.3479,26.4631,15.347404479980469,machine,N,1.0,0.0
2025-10-30T16:36:41,codecarbon,b590155a-1ce4-44e3-8f8a-d9f6071dfc18,5b0fa12a-3dd7-45bb-9766-cc326314d9f1,1.0352804249996552,3.852932303034478e-05,3.721631559908767e-05,99.89788517119996,132.49631614410197,10.0,1.4626034022496992e-05,3.791725255599884e-05,1.4616318805565245e-06,5.400491845905236e-05,0.0,India,IND,uttar pradesh,,,Linux-6.17.3-3-cachyos-x86_64-with-glibc2.39,3.12.3,3.0.8,32.0,13th Gen Intel(R) Core(TM) i9-13900HX,1.0,1 x NVIDIA GeForce RTX 4070 Laptop GPU,80.3479,26.4631,15.347404479980469,machine,N,1.0,0.0
2025-10-30T16:36:41,codecarbon,4cb05bcf-6b6e-40fd-a174-704e142898e9,5b0fa12a-3dd7-45bb-9766-cc326314d9f1,1.037774034000904,3.045118443521776e-05,2.9342788928549382e-05,103.68001556480002,90.54573201827208,10.0,1.5229397243095624e-05,2.5989187457999344e-05,1.4635493999978482e-06,4.2682134101092815e-05,0.0,India,IND,uttar pradesh,,,Linux-6.17.3-3-cachyos-x86_64-with-glibc2.39,3.12.3,3.0.8,32.0,13th Gen Intel(R) Core(TM) i9-13900HX,1.0,1 x NVIDIA GeForce RTX 4070 Laptop GPU,80.3479,26.4631,15.347404479980469,machine,N,1.0,0.0
2025-10-30T16:36:42,codecarbon,9a2ed744-e974-407f-bbf9-e7da33d3083f,5b0fa12a-3dd7-45bb-9766-cc326314d9f1,1.026924213001621,1.6463564856462233e-07,1.6031918079271393e-07,104.8653922304,88.87345862153475,10.0,1.514404732813916e-05,2.5228353515999863e-05,1.4413668888917326e-06,4.181376773303076e-05,0.0,Canada,CAN,quebec,,,Linux-6.17.3-3-cachyos-x86_64-with-glibc2.39,3.12.3,3.0.8,32.0,13th Gen Intel(R) Core(TM) i9-13900HX,1.0,1 x NVIDIA GeForce RTX 4070 Laptop GPU,-71.2,46.8,15.347404479980469,machine,N,1.0,0.0
2025-10-30T16:36:42,codecarbon,60636279-1488-4e66-9168-f1801ab99c17,5b0fa12a-3dd7-45bb-9766-cc326314d9f1,1.0353569070011872,2.65714836015513e-07,2.56640810737556e-07,62.1817545728,198.34425648901103,10.0,9.14879977122016e-06,5.686810105000155e-05,1.4687168638930515e-06,6.748561768511476e-05,0.0,Canada,CAN,quebec,,,Linux-6.17.3-3-cachyos-x86_64-with-glibc2.39,3.12.3,3.0.8,32.0,13th Gen Intel(R) Core(TM) i9-13900HX,1.0,1 x NVIDIA GeForce RTX 4070 Laptop GPU,-71.2,46.8,15.347404479980469,machine,N,1.0,0.0
2025-10-30T16:36:46,codecarbon,ab2ef2cd-e6b7-4893-bc11-5b814ae4783e,5b0fa12a-3dd7-45bb-9766-cc326314d9f1,1.020784300999367,1.0613630347050534e-05,1.039752505662518e-05,12.8045278208,41.13152176276147,10.0,1.83194332226492e-06,1.1615564848001247e-05,1.4291674722193826e-06,1.487667564248555e-05,0.0,India,IND,uttar pradesh,,,Linux-6.17.3-3-cachyos-x86_64-with-glibc2.39,3.12.3,3.0.8,32.0,13th Gen Intel(R) Core(TM) i9-13900HX,1.0,1 x NVIDIA GeForce RTX 4070 Laptop GPU,80.3479,26.4631,15.347404479980469,machine,N,1.0,0.0
2025-10-30T16:36:47,codecarbon,fa82fa1d-af7d-4173-bceb-f219dfdb14e1,5b0fa12a-3dd7-45bb-9766-cc326314d9f1,1.0210734980009877,1.1985252688704431e-05,1.1737894198770832e-05,12.856798092800004,47.88470856990259,10.0,1.8398529951545844e-06,1.3530566379999637e-05,1.4288011472217475e-06,1.6799220522375967e-05,0.0,India,IND,uttar pradesh,,,Linux-6.17.3-3-cachyos-x86_64-with-glibc2.39,3.12.3,3.0.8,32.0,13th Gen Intel(R) Core(TM) i9-13900HX,1.0,1 x NVIDIA GeForce RTX 4070 Laptop GPU,80.3479,26.4631,15.347404479980469,machine,N,1.0,0.0
2025-10-30T16:36:48,codecarbon,3f37ea6a-6d6c-4c16-aa64-abd535b23d67,5b0fa12a-3dd7-45bb-9766-cc326314d9f1,1.0202862139994977,1.808735802909773e-07,1.7727729514442538e-07,12.9333584,151.2801748778969,10.0,1.845292323769773e-06,4.266808969000113e-05,1.424456730551861e-06,4.5937838744322765e-05,0.0,Canada,CAN,quebec,,,Linux-6.17.3-3-cachyos-x86_64-with-glibc2.39,3.12.3,3.0.8,32.0,13th Gen Intel(R) Core(TM) i9-13900HX,1.0,1 x NVIDIA GeForce RTX 4070 Laptop GPU,-71.2,46.8,15.347404479980469,machine,N,1.0,0.0
2025-10-30T16:36:48,codecarbon,9ac162ae-b9e1-4e72-aac8-065148ae11da,5b0fa12a-3dd7-45bb-9766-cc326314d9f1,1.0131445759998314,1.807613272617847e-07,1.784161229737608e-07,13.0472985728,152.23698040675836,10.0,1.8362173126974704e-06,4.266808969000113e-05,1.4050219861069816e-06,4.590932898880558e-05,0.0,Canada,CAN,quebec,,,Linux-6.17.3-3-cachyos-x86_64-with-glibc2.39,3.12.3,3.0.8,32.0,13th Gen Intel(R) Core(TM) i9-13900HX,1.0,1 x NVIDIA GeForce RTX 4070 Laptop GPU,-71.2,46.8,15.347404479980469,machine,N,1.0,0.0
2025-10-30T16:40:52,codecarbon,bcae959f-8e09-4479-8c85-5f890c3b78c9,5b0fa12a-3dd7-45bb-9766-cc326314d9f1,1.0175193600007333,2.081199215566381e-07,2.045365717233017e-07,37.6832,164.1121593903759,10.0,5.3181185051351785e-06,4.61311480160001e-05,1.408532724998521e-06,5.28577992461338e-05,0.0,Canada,CAN,quebec,,,Linux-6.17.3-3-cachyos-x86_64-with-glibc2.39,3.12.3,3.0.8,32.0,13th Gen Intel(R) Core(TM) i9-13900HX,1.0,1 x NVIDIA GeForce RTX 4070 Laptop GPU,-71.2,46.8,15.347404479980469,machine,N,1.0,0.0
2025-10-30T16:40:43,codecarbon,de217222-1434-4b2b-940f-a76a32b8abde,5b0fa12a-3dd7-45bb-9766-cc326314d9f1,1.0200364510001236,4.048940201960223e-05,3.969407365776316e-05,18.3559282688,187.3893592762695,10.0,2.5995116517095623e-06,5.27400421920024e-05,1.412724227778502e-06,5.6752278071490464e-05,0.0,India,IND,uttar pradesh,,,Linux-6.17.3-3-cachyos-x86_64-with-glibc2.39,3.12.3,3.0.8,32.0,13th Gen Intel(R) Core(TM) i9-13900HX,1.0,1 x NVIDIA GeForce RTX 4070 Laptop GPU,80.3479,26.4631,15.347404479980469,machine,N,1.0,0.0
2025-10-30T16:40:43,codecarbon,59333df6-0c69-4acf-b04e-6fa258fc1ce1,5b0fa12a-3dd7-45bb-9766-cc326314d9f1,1.0170354809997662,3.862191942375954e-05,3.797499708249453e-05,18.2648493056,178.56997939423505,10.0,2.579361278197574e-06,5.014587345000127e-05,1.4094721694416675e-06,5.413470689764051e-05,0.0,India,IND,uttar pradesh,,,Linux-6.17.3-3-cachyos-x86_64-with-glibc2.39,3.12.3,3.0.8,32.0,13th Gen Intel(R) Core(TM) i9-13900HX,1.0,1 x NVIDIA GeForce RTX 4070 Laptop GPU,80.3479,26.4631,15.347404479980469,machine,N,1.0,0.0
2025-10-30T16:40:44,codecarbon,08384cf3-33d7-48b0-aa9c-eb2ebe1ab2b3,5b0fa12a-3dd7-45bb-9766-cc326314d9f1,1.0162029229995824,2.2486863564538585e-07,2.212832009788248e-07,20.1728,187.99975803778085,10.0,2.8540317234338987e-06,5.2845320053999945e-05,1.4122457611089582e-06,5.7111597538542805e-05,0.0,Canada,CAN,quebec,,,Linux-6.17.3-3-cachyos-x86_64-with-glibc2.39,3.12.3,3.0.8,32.0,13th Gen Intel(R) Core(TM) i9-13900HX,1.0,1 x NVIDIA GeForce RTX 4070 Laptop GPU,-71.2,46.8,15.347404479980469,machine,N,1.0,0.0
2025-10-30T16:40:44,codecarbon,58dd5252-c2e2-40a9-8069-db7804bbd64b,5b0fa12a-3dd7-45bb-9766-cc326314d9f1,1.0149165479997464,2.25172511544102e-07,2.2186308025806106e-07,20.856457625600004,188.53444808888108,10.0,2.9373824047625314e-06,5.2845320053999945e-05,1.4060727527774158e-06,5.718877521153989e-05,0.0,Canada,CAN,quebec,,,Linux-6.17.3-3-cachyos-x86_64-with-glibc2.39,3.12.3,3.0.8,32.0,13th Gen Intel(R) Core(TM) i9-13900HX,1.0,1 x NVIDIA GeForce RTX 4070 Laptop GPU,-71.2,46.8,15.347404479980469,machine,N,1.0,0.0
2025-10-30T16:40:44,codecarbon,dce75ff9-a979-4e15-8d00-d72e3cefc809,5b0fa12a-3dd7-45bb-9766-cc326314d9f1,1.0157381919998445,1.802071998310653e-07,1.774150083657511e-07,22.6131968,146.39724091274462,10.0,3.198737711818965e-06,4.115947737199852e-05,1.4103779472255458e-06,4.576859303104303e-05,0.0,Canada,CAN,quebec,,,Linux-6.17.3-3-cachyos-x86_64-with-glibc2.39,3.12.3,3.0.8,32.0,13th Gen Intel(R) Core(TM) i9-13900HX,1.0,1 x NVIDIA GeForce RTX 4070 Laptop GPU,-71.2,46.8,15.347404479980469,machine,N,1.0,0.0
2025-10-30T16:40:44,codecarbon,91464084-aac6-4c57-b0b6-37b69d7f779d,5b0fa12a-3dd7-45bb-9766-cc326314d9f1,1.0202636039994104,1.9077420462062722e-07,1.8698521036406333e-07,22.951553600000004,155.48560202709294,10.0,3.235099285686686e-06,4.381003504800099e-05,1.4072412666640351e-06,4.8452375600351714e-05,0.0,Canada,CAN,quebec,,,Linux-6.17.3-3-cachyos-x86_64-with-glibc2.39,3.12.3,3.0.8,32.0,13th Gen Intel(R) Core(TM) i9-13900HX,1.0,1 x NVIDIA GeForce RTX 4070 Laptop GPU,-71.2,46.8,15.347404479980469,machine,N,1.0,0.0
2025-10-30T16:40:44,codecarbon,b61091e1-43af-4a31-a065-130693d47692,5b0fa12a-3dd7-45bb-9766-cc326314d9f1,1.0151168219999818,2.0431149651938709e-07,2.012689496336519e-07,25.700115353600005,166.80483407377486,10.0,3.633217854497476e-06,4.684642636599776e-05,1.4109003555555924e-06,5.1890544576050825e-05,0.0,Canada,CAN,quebec,,,Linux-6.17.3-3-cachyos-x86_64-with-glibc2.39,3.12.3,3.0.8,32.0,13th Gen Intel(R) Core(TM) i9-13900HX,1.0,1 x NVIDIA GeForce RTX 4070 Laptop GPU,-71.2,46.8,15.347404479980469,machine,N,1.0,0.0
2025-10-30T16:40:44,codecarbon,84ff71c4-7f3b-44ef-8a68-86d60134bfb9,5b0fa12a-3dd7-45bb-9766-cc326314d9f1,1.0165173390014388,2.623752811638807e-07,2.581119584459044e-07,25.5401984,219.00133455438856,10.0,3.622178703751879e-06,6.159977150200016e-05,1.4154953361159845e-06,6.663744554186803e-05,0.0,Canada,CAN,quebec,,,Linux-6.17.3-3-cachyos-x86_64-with-glibc2.39,3.12.3,3.0.8,32.0,13th Gen Intel(R) Core(TM) i9-13900HX,1.0,1 x NVIDIA GeForce RTX 4070 Laptop GPU,-71.2,46.8,15.347404479980469,machine,N,1.0,0.0
2025-10-30T16:40:44,codecarbon,be1102a3-3e1e-4dea-b45d-6a1ba6464459,5b0fa12a-3dd7-45bb-9766-cc326314d9f1,1.0142576660000486,2.055991199741777e-07,2.027089632805081e-07,27.200000000000003,167.4420245174702,10.0,3.834209988006883e-06,4.697698202599937e-05,1.4063800833355344e-06,5.221757209734179e-05,0.0,Canada,CAN,quebec,,,Linux-6.17.3-3-cachyos-x86_64-with-glibc2.39,3.12.3,3.0.8,32.0,13th Gen Intel(R) Core(TM) i9-13900HX,1.0,1 x NVIDIA GeForce RTX 4070 Laptop GPU,-71.2,46.8,15.347404479980469,machine,N,1.0,0.0
2025-10-30T16:40:44,codecarbon,5335ddc8-37b3-4f23-a7fa-34df638e72dd,5b0fa12a-3dd7-45bb-9766-cc326314d9f1,1.0174194179999176,3.728033023217778e-05,3.6642047097415234e-05,27.2865729152,167.01263892561022,10.0,3.8652859820308e-06,4.697698202599937e-05,1.411990202778826e-06,5.2254258210809e-05,0.0,India,IND,uttar pradesh,,,Linux-6.17.3-3-cachyos-x86_64-with-glibc2.39,3.12.3,3.0.8,32.0,13th Gen Intel(R) Core(TM) i9-13900HX,1.0,1 x NVIDIA GeForce RTX 4070 Laptop GPU,80.3479,26.4631,15.347404479980469,machine,N,1.0,0.0
2025-10-30T16:40:45,codecarbon,2c7a6185-7f47-408c-8520-e87781889006,5b0fa12a-3dd7-45bb-9766-cc326314d9f1,1.0192694770012167,3.949451199520141e-05,3.874786097921606e-05,27.813306713600007,178.2650108676693,10.0,3.915168141455743e-06,5.003726225200414e-05,1.4053525138883236e-06,5.53577829073482e-05,0.0,India,IND,uttar pradesh,,,Linux-6.17.3-3-cachyos-x86_64-with-glibc2.39,3.12.3,3.0.8,32.0,13th Gen Intel(R) Core(TM) i9-13900HX,1.0,1 x NVIDIA GeForce RTX 4070 Laptop GPU,80.3479,26.4631,15.347404479980469,machine,N,1.0,0.0
2025-10-30T16:40:45,codecarbon,c899a966-e3d2-4661-be81-58390f51045b,5b0fa12a-3dd7-45bb-9766-cc326314d9f1,1.0159447750011168,2.186488351111805e-07,2.152172445701491e-07,29.091671667200004,178.21899706185377,10.0,4.091062390014367e-06,5.003726225200414e-05,1.4035828527792346e-06,5.553190749479774e-05,0.0,Canada,CAN,quebec,,,Linux-6.17.3-3-cachyos-x86_64-with-glibc2.39,3.12.3,3.0.8,32.0,13th Gen Intel(R) Core(TM) i9-13900HX,1.0,1 x NVIDIA GeForce RTX 4070 Laptop GPU,-71.2,46.8,15.347404479980469,machine,N,1.0,0.0
2025-10-30T16:40:45,codecarbon,6b8889af-2a90-4b1f-8999-ce7cab2ee3e0,5b0fa12a-3dd7-45bb-9766-cc326314d9f1,1.0137479990007705,3.942336618821355e-05,3.888872404884874e-05,27.113772684800008,178.55796810467203,10.0,3.817266805360631e-06,5.003726225200414e-05,1.4035317888909856e-06,5.525806084625575e-05,0.0,India,IND,uttar pradesh,,,Linux-6.17.3-3-cachyos-x86_64-with-glibc2.39,3.12.3,3.0.8,32.0,13th Gen Intel(R) Core(TM) i9-13900HX,1.0,1 x NVIDIA GeForce RTX 4070 Laptop GPU,80.3479,26.4631,15.347404479980469,machine,N,1.0,0.0
2025-10-30T16:40:45,codecarbon,1e4ad3f8-0a16-4fb1-854b-214dc9058a68,5b0fa12a-3dd7-45bb-9766-cc326314d9f1,1.0255527130011617,2.0509301718295025e-07,1.9998291124672605e-07,38.6918580224,158.9016030038935,10.0,5.57513214549889e-06,4.507892495200089e-05,1.4349762250023762e-06,5.208903332250216e-05,0.0,Canada,CAN,quebec,,,Linux-6.17.3-3-cachyos-x86_64-with-glibc2.39,3.12.3,3.0.8,32.0,13th Gen Intel(R) Core(TM) i9-13900HX,1.0,1 x NVIDIA GeForce RTX 4070 Laptop GPU,-71.2,46.8,15.347404479980469,machine,N,1.0,0.0
2025-10-30T16:40:46,codecarbon,5be547d3-dd4a-49f0-8cfa-ee0e0fbdfefe,5b0fa12a-3dd7-45bb-9766-cc326314d9f1,1.0180282370001803,2.454314088022913e-05,2.410850700227166e-05,22.883269836800004,105.47492689076776,10.0,3.2576773015800527e-06,2.9723079334000035e-05,1.4203233138889322e-06,3.440107994946902e-05,0.0,India,IND,uttar pradesh,,,Linux-6.17.3-3-cachyos-x86_64-with-glibc2.39,3.12.3,3.0.8,32.0,13th Gen Intel(R) Core(TM) i9-13900HX,1.0,1 x NVIDIA GeForce RTX 4070 Laptop GPU,80.3479,26.4631,15.347404479980469,machine,N,1.0,0.0
2025-10-30T16:40:46,codecarbon,2974f75c-1c41-4048-b024-2ce1015bf43c,5b0fa12a-3dd7-45bb-9766-cc326314d9f1,1.0155996680005046,1.7598346205770677e-07,1.732803461861897e-07,19.8997616,144.04446633625713,10.0,2.810178918214995e-06,4.047614349200063e-05,1.409535816669126e-06,4.4695858226884746e-05,0.0,Canada,CAN,quebec,,,Linux-6.17.3-3-cachyos-x86_64-with-glibc2.39,3.12.3,3.0.8,32.0,13th Gen Intel(R) Core(TM) i9-13900HX,1.0,1 x NVIDIA GeForce RTX 4070 Laptop GPU,-71.2,46.8,15.347404479980469,machine,N,1.0,0.0
2025-10-30T16:40:46,codecarbon,c9fba738-63c1-422a-bb4b-5d7cff7779bb,5b0fa12a-3dd7-45bb-9766-cc326314d9f1,1.0147322579996398,2.119120120235487e-07,2.0883539510342826e-07,19.0714809728,177.1717766476191,10.0,2.6878102617186297e-06,4.972642866999874e-05,1.4066663694443883e-06,5.382090530116176e-05,0.0,Canada,CAN,quebec,,,Linux-6.17.3-3-cachyos-x86_64-with-glibc2.39,3.12.3,3.0.8,32.0,13th Gen Intel(R) Core(TM) i9-13900HX,1.0,1 x NVIDIA GeForce RTX 4070 Laptop GPU,-71.2,46.8,15.347404479980469,machine,N,1.0,0.0
2025-10-30T16:40:46,codecarbon,7888eac2-61c9-4201-821e-58db6493cff0,5b0fa12a-3dd7-45bb-9766-cc326314d9f1,1.0141033479994803,2.11958813303386e-07,2.090110576220034e-07,19.1712904832,177.3267180001327,10.0,2.7006488692415727e-06,4.972642866999874e-05,1.4057142388891304e-06,5.3832791778129446e-05,0.0,Canada,CAN,quebec,,,Linux-6.17.3-3-cachyos-x86_64-with-glibc2.39,3.12.3,3.0.8,32.0,13th Gen Intel(R) Core(TM) i9-13900HX,1.0,1 x NVIDIA GeForce RTX 4070 Laptop GPU,-71.2,46.8,15.347404479980469,machine,N,1.0,0.0
2025-10-30T16:40:46,codecarbon,b2975a59-1e25-42b8-8591-00c355311548,5b0fa12a-3dd7-45bb-9766-cc326314d9f1,1.0279066120001517,1.774096806588862e-07,1.7259318948603085e-07,17.6969848448,144.3052848425824,10.0,2.563455594199052e-06,4.104947728400185e-05,1.4451529333301652e-06,4.5058085811531066e-05,0.0,Canada,CAN,quebec,,,Linux-6.17.3-3-cachyos-x86_64-with-glibc2.39,3.12.3,3.0.8,32.0,13th Gen Intel(R) Core(TM) i9-13900HX,1.0,1 x NVIDIA GeForce RTX 4070 Laptop GPU,-71.2,46.8,15.347404479980469,machine,N,1.0,0.0
2025-10-30T16:40:46,codecarbon,eea2ff49-89e0-4f86-be44-44ccef0e5e92,5b0fa12a-3dd7-45bb-9766-cc326314d9f1,1.0165617869988637,1.4147007649941096e-07,1.3916525125055592e-07,19.2721533824,112.96814999470293,10.0,2.7330797895219053e-06,3.178419209399694e-05,1.4129593361101591e-06,3.5930231219629004e-05,0.0,Canada,CAN,quebec,,,Linux-6.17.3-3-cachyos-x86_64-with-glibc2.39,3.12.3,3.0.8,32.0,13th Gen Intel(R) Core(TM) i9-13900HX,1.0,1 x NVIDIA GeForce RTX 4070 Laptop GPU,-71.2,46.8,15.347404479980469,machine,N,1.0,0.0
2025-10-30T16:40:47,codecarbon,d5087c2b-c46f-4e64-93a6-00f7b2fb554b,5b0fa12a-3dd7-45bb-9766-cc326314d9f1,1.02264959599961,8.14514695352261e-08,7.964748615150988e-08,21.3349376,57.2762896053808,10.0,3.057374798039472e-06,1.6198901847997577e-05,1.430572516665052e-06,2.06868491627021e-05,0.0,Canada,CAN,quebec,,,Linux-6.17.3-3-cachyos-x86_64-with-glibc2.39,3.12.3,3.0.8,32.0,13th Gen Intel(R) Core(TM) i9-13900HX,1.0,1 x NVIDIA GeForce RTX 4070 Laptop GPU,-71.2,46.8,15.347404479980469,machine,N,1.0,0.0
2025-10-30T16:40:47,codecarbon,af586e4f-479a-432f-8b70-33910f052346,5b0fa12a-3dd7-45bb-9766-cc326314d9f1,1.0226086660004512,8.402371584803064e-08,8.216605104341406e-08,24.45762897920001,58.03041984164558,10.0,3.5041382173398674e-06,1.6407235348001037e-05,1.4287685555599535e-06,2.134014212090086e-05,0.0,Canada,CAN,quebec,,,Linux-6.17.3-3-cachyos-x86_64-with-glibc2.39,3.12.3,3.0.8,32.0,13th Gen Intel(R) Core(TM) i9-13900HX,1.0,1 x NVIDIA GeForce RTX 4070 Laptop GPU,-71.2,46.8,15.347404479980469,machine,N,1.0,0.0
2025-10-30T16:40:47,codecarbon,76c3b0ed-6bf6-4571-81f8-3fa3b5bfcfb9,5b0fa12a-3dd7-45bb-9766-cc326314d9f1,1.0220497350001096,1.5294759318375533e-07,1.4964789671780397e-07,24.6842288768,119.79284983191532,10.0,3.5363285083645088e-06,3.3878360436001564e-05,1.430574475004202e-06,3.884526341937027e-05,0.0,Canada,CAN,quebec,,,Linux-6.17.3-3-cachyos-x86_64-with-glibc2.39,3.12.3,3.0.8,32.0,13th Gen Intel(R) Core(TM) i9-13900HX,1.0,1 x NVIDIA GeForce RTX 4070 Laptop GPU,-71.2,46.8,15.347404479980469,machine,N,1.0,0.0
2025-10-30T16:40:47,codecarbon,774c6f52-86c3-4ada-9374-b0801f65a5b9,5b0fa12a-3dd7-45bb-9766-cc326314d9f1,1.0128196789992217,1.6064689795628142e-07,1.5861352350007497e-07,24.3081740288,128.34462530267285,10.0,3.421653438271516e-06,3.597391766799879e-05,1.4051432999975886e-06,4.08007144062679e-05,0.0,Canada,CAN,quebec,,,Linux-6.17.3-3-cachyos-x86_64-with-glibc2.39,3.12.3,3.0.8,32.0,13th Gen Intel(R) Core(TM) i9-13900HX,1.0,1 x NVIDIA GeForce RTX 4070 Laptop GPU,-71.2,46.8,15.347404479980469,machine,N,1.0,0.0
2025-10-30T16:40:48,codecarbon,b24aac1b-01f6-4849-90d1-fdcc898a1b36,5b0fa12a-3dd7-45bb-9766-cc326314d9f1,1.0236674230000062,1.425277962953217e-07,1.392325213179328e-07,24.086395251200003,110.59242437272395,10.0,3.45617977012468e-06,3.131058060400205e-05,1.432107986112088e-06,3.619886836023881e-05,0.0,Canada,CAN,quebec,,,Linux-6.17.3-3-cachyos-x86_64-with-glibc2.39,3.12.3,3.0.8,32.0,13th Gen Intel(R) Core(TM) i9-13900HX,1.0,1 x NVIDIA GeForce RTX 4070 Laptop GPU,-71.2,46.8,15.347404479980469,machine,N,1.0,0.0
2025-10-30T16:40:48,codecarbon,34a336eb-7577-40b2-a693-62dca332a266,5b0fa12a-3dd7-45bb-9766-cc326314d9f1,1.0129648000001907,1.7231303748899457e-07,1.701076261376132e-07,33.030963200000016,134.6119372071512,10.0,4.646937532411114e-06,3.771197461399992e-05,1.4047404388899549e-06,4.376365258530098e-05,0.0,Canada,CAN,quebec,,,Linux-6.17.3-3-cachyos-x86_64-with-glibc2.39,3.12.3,3.0.8,32.0,13th Gen Intel(R) Core(TM) i9-13900HX,1.0,1 x NVIDIA GeForce RTX 4070 Laptop GPU,-71.2,46.8,15.347404479980469,machine,N,1.0,0.0
2025-10-30T16:40:49,codecarbon,53afa8ec-14f2-4232-a0ad-2421e22e38fb,5b0fa12a-3dd7-45bb-9766-cc326314d9f1,1.0366856769996955,1.1099703584280749e-07,1.0706913224078437e-07,15.1439072384,86.75384114402168,10.0,2.1713694413080024e-06,2.458835300400003e-05,1.4310388888892097e-06,2.8190761334197244e-05,0.0,Canada,CAN,quebec,,,Linux-6.17.3-3-cachyos-x86_64-with-glibc2.39,3.12.3,3.0.8,32.0,13th Gen Intel(R) Core(TM) i9-13900HX,1.0,1 x NVIDIA GeForce RTX 4070 Laptop GPU,-71.2,46.8,15.347404479980469,machine,N,1.0,0.0
2025-10-30T16:40:50,codecarbon,e25467fa-4c08-4b73-870f-7f8f7df2d480,5b0fa12a-3dd7-45bb-9766-cc326314d9f1,1.0131228460013515,1.1847688618859865e-07,1.1694227077812877e-07,15.4388062208,94.6591740042094,10.0,2.171494182252083e-06,2.6515576768002674e-05,1.4034048611140154e-06,3.009047581136877e-05,0.0,Canada,CAN,quebec,,,Linux-6.17.3-3-cachyos-x86_64-with-glibc2.39,3.12.3,3.0.8,32.0,13th Gen Intel(R) Core(TM) i9-13900HX,1.0,1 x NVIDIA GeForce RTX 4070 Laptop GPU,-71.2,46.8,15.347404479980469,machine,N,1.0,0.0
2025-10-30T16:40:50,codecarbon,4dff4614-5628-471e-a4ce-169fc8f853e7,5b0fa12a-3dd7-45bb-9766-cc326314d9f1,1.0129262469999958,1.1858025286921345e-07,1.1706701570861156e-07,15.6387780992,94.67230959127497,10.0,2.1976058514652715e-06,2.6515576768002674e-05,1.4035460138883435e-06,3.011672863335629e-05,0.0,Canada,CAN,quebec,,,Linux-6.17.3-3-cachyos-x86_64-with-glibc2.39,3.12.3,3.0.8,32.0,13th Gen Intel(R) Core(TM) i9-13900HX,1.0,1 x NVIDIA GeForce RTX 4070 Laptop GPU,-71.2,46.8,15.347404479980469,machine,N,1.0,0.0
2025-10-30T16:40:50,codecarbon,96ede55e-fb13-4b9e-a189-b763d879566a,5b0fa12a-3dd7-45bb-9766-cc326314d9f1,1.0220325070004035,2.006115464714143e-05,1.96286854965304e-05,16.298776985600007,86.035483262257,10.0,2.337418251513737e-06,2.4350019480003787e-05,1.4314321500023657e-06,2.8118869881519888e-05,0.0,India,IND,uttar pradesh,,,Linux-6.17.3-3-cachyos-x86_64-with-glibc2.39,3.12.3,3.0.8,32.0,13th Gen Intel(R) Core(TM) i9-13900HX,1.0,1 x NVIDIA GeForce RTX 4070 Laptop GPU,80.3479,26.4631,15.347404479980469,machine,N,1.0,0.0
2025-10-30T16:40:50,codecarbon,ee388939-5ea2-4986-8489-84f6d6d43f73,5b0fa12a-3dd7-45bb-9766-cc326314d9f1,1.024526479000997,1.281788271038923e-07,1.2511031167186413e-07,17.2483871744,101.1106237748233,10.0,2.473442509208236e-06,2.8650578475997866e-05,1.4305305444445872e-06,3.2554551529650685e-05,0.0,Canada,CAN,quebec,,,Linux-6.17.3-3-cachyos-x86_64-with-glibc2.39,3.12.3,3.0.8,32.0,13th Gen Intel(R) Core(TM) i9-13900HX,1.0,1 x NVIDIA GeForce RTX 4070 Laptop GPU,-71.2,46.8,15.347404479980469,machine,N,1.0,0.0
2025-10-30T16:40:51,codecarbon,478b38f4-c20e-4f5c-9871-d363ea4fd34a,5b0fa12a-3dd7-45bb-9766-cc326314d9f1,1.020846810999501,1.4511683811161825e-07,1.4215339319083124e-07,19.8997616,115.74129806439872,10.0,2.821797670413052e-06,3.2620581652001435e-05,1.4140476777760744e-06,3.685642700019056e-05,0.0,Canada,CAN,quebec,,,Linux-6.17.3-3-cachyos-x86_64-with-glibc2.39,3.12.3,3.0.8,32.0,13th Gen Intel(R) Core(TM) i9-13900HX,1.0,1 x NVIDIA GeForce RTX 4070 Laptop GPU,-71.2,46.8,15.347404479980469,machine,N,1.0,0.0
2025-10-30T16:40:51,codecarbon,2675b569-0eef-42fb-b54a-55eda8e4ef6e,5b0fa12a-3dd7-45bb-9766-cc326314d9f1,1.0160104339993268,1.4543441114399384e-07,1.4314263542700016e-07,20.5666852736,116.11364102911078,10.0,2.907069839169097e-06,3.2620581652001435e-05,1.4094319472203804e-06,3.693708343839091e-05,0.0,Canada,CAN,quebec,,,Linux-6.17.3-3-cachyos-x86_64-with-glibc2.39,3.12.3,3.0.8,32.0,13th Gen Intel(R) Core(TM) i9-13900HX,1.0,1 x NVIDIA GeForce RTX 4070 Laptop GPU,-71.2,46.8,15.347404479980469,machine,N,1.0,0.0
2025-10-30T16:40:51,codecarbon,c292c551-28a5-442f-886a-1dbe4a2047c6,5b0fa12a-3dd7-45bb-9766-cc326314d9f1,1.0151143180009967,1.5638596502861025e-07,1.5405749111742573e-07,23.5800316928,124.75652524257931,10.0,3.323427405119789e-06,3.4989194657997214e-05,1.4059108027797467e-06,3.971853286589675e-05,0.0,Canada,CAN,quebec,,,Linux-6.17.3-3-cachyos-x86_64-with-glibc2.39,3.12.3,3.0.8,32.0,13th Gen Intel(R) Core(TM) i9-13900HX,1.0,1 x NVIDIA GeForce RTX 4070 Laptop GPU,-71.2,46.8,15.347404479980469,machine,N,1.0,0.0
2025-10-30T16:40:51,codecarbon,c84c7ae2-f29b-4d16-8bc1-ed33c21cc381,5b0fa12a-3dd7-45bb-9766-cc326314d9f1,1.026232293999783,2.2004680109715577e-07,2.144220196379849e-07,40.5219408896,171.39925472506363,10.0,5.8291752191206895e-06,4.86228166759993e-05,1.434967652777333e-06,5.588695954789732e-05,0.0,Canada,CAN,quebec,,,Linux-6.17.3-3-cachyos-x86_64-with-glibc2.39,3.12.3,3.0.8,32.0,13th Gen Intel(R) Core(TM) i9-13900HX,1.0,1 x NVIDIA GeForce RTX 4070 Laptop GPU,-71.2,46.8,15.347404479980469,machine,N,1.0,0.0
2025-10-30T16:40:51,codecarbon,2f88911c-d038-485e-8151-e67737cf2c9a,5b0fa12a-3dd7-45bb-9766-cc326314d9f1,1.0237542590002704,2.2188632169791325e-07,2.167378741013419e-07,41.3319471104,174.3767828467285,10.0,5.83527400612392e-06,4.9111983734001496e-05,1.4068988444452974e-06,5.635415658457071e-05,0.0,Canada,CAN,quebec,,,Linux-6.17.3-3-cachyos-x86_64-with-glibc2.39,3.12.3,3.0.8,32.0,13th Gen Intel(R) Core(TM) i9-13900HX,1.0,1 x NVIDIA GeForce RTX 4070 Laptop GPU,-71.2,46.8,15.347404479980469,machine,N,1.0,0.0
2025-10-30T16:40:51,codecarbon,ab322969-966a-47a5-b1fa-d5b4fbf8993f,5b0fa12a-3dd7-45bb-9766-cc326314d9f1,1.022206270999959,2.360241149555048e-07,2.308967589531783e-07,43.5687661568,185.3852332574865,10.0,6.1734374233459e-06,5.235837521999978e-05,1.4130268138867705e-06,5.994483945723245e-05,0.0,Canada,CAN,quebec,,,Linux-6.17.3-3-cachyos-x86_64-with-glibc2.39,3.12.3,3.0.8,32.0,13th Gen Intel(R) Core(TM) i9-13900HX,1.0,1 x NVIDIA GeForce RTX 4070 Laptop GPU,-71.2,46.8,15.347404479980469,machine,N,1.0,0.0
2025-10-30T16:40:51,codecarbon,67cc12ca-fcff-44b9-817c-e4a187b171c5,5b0fa12a-3dd7-45bb-9766-cc326314d9f1,1.0440798229992652,1.8803939354358586e-07,1.8010059135461157e-07,46.677972800000006,136.57195610518366,10.0,6.909780534438151e-06,3.93728092759997e-05,1.475205022224044e-06,4.77577948326619e-05,0.0,Canada,CAN,quebec,,,Linux-6.17.3-3-cachyos-x86_64-with-glibc2.39,3.12.3,3.0.8,32.0,13th Gen Intel(R) Core(TM) i9-13900HX,1.0,1 x NVIDIA GeForce RTX 4070 Laptop GPU,-71.2,46.8,15.347404479980469,machine,N,1.0,0.0
2025-10-30T16:40:51,codecarbon,e87336ea-c831-4213-8368-2a7a6ed213cc,5b0fa12a-3dd7-45bb-9766-cc326314d9f1,1.017191881999679,1.867734258769219e-07,1.8361670908122802e-07,47.13854320639999,139.9458109480945,10.0,6.654219248353564e-06,3.93728092759997e-05,1.4092388722221788e-06,4.743626739657545e-05,0.0,Canada,CAN,quebec,,,Linux-6.17.3-3-cachyos-x86_64-with-glibc2.39,3.12.3,3.0.8,32.0,13th Gen Intel(R) Core(TM) i9-13900HX,1.0,1 x NVIDIA GeForce RTX 4070 Laptop GPU,-71.2,46.8,15.347404479980469,machine,N,1.0,0.0
2025-10-30T16:40:51,codecarbon,43d003d1-aea6-43bf-842b-9e3e2bfc64b1,5b0fa12a-3dd7-45bb-9766-cc326314d9f1,1.0222849479996512,2.3110515324808338e-07,2.2606725619925906e-07,46.83103569919999,179.24705915088387,10.0,6.67594443841729e-06,5.059642936600106e-05,1.4231595388890936e-06,5.8695533343307445e-05,0.0,Canada,CAN,quebec,,,Linux-6.17.3-3-cachyos-x86_64-with-glibc2.39,3.12.3,3.0.8,32.0,13th Gen Intel(R) Core(TM) i9-13900HX,1.0,1 x NVIDIA GeForce RTX 4070 Laptop GPU,-71.2,46.8,15.347404479980469,machine,N,1.0,0.0
2025-10-30T16:40:52,codecarbon,9bbbb3b0-3226-4cd9-8239-b0553cbbe891,5b0fa12a-3dd7-45bb-9766-cc326314d9f1,1.016365418998248,2.054026625155579e-07,2.020952884426226e-07,45.17251040000002,158.0401116898202,10.0,6.379765052618022e-06,4.4378368835997634e-05,1.4095424138860026e-06,5.216767630250166e-05,0.0,Canada,CAN,quebec,,,Linux-6.17.3-3-cachyos-x86_64-with-glibc2.39,3.12.3,3.0.8,32.0,13th Gen Intel(R) Core(TM) i9-13900HX,1.0,1 x NVIDIA GeForce RTX 4070 Laptop GPU,-71.2,46.8,15.347404479980469,machine,N,1.0,0.0
2025-10-30T16:40:52,codecarbon,43cbc5da-2329-48a6-bc54-2a3deda9e70e,5b0fa12a-3dd7-45bb-9766-cc326314d9f1,1.0174051739995775,2.0792396108934386e-07,2.0436691929918402e-07,37.4351965184,164.33373761687625,10.0,5.271057854406045e-06,4.61311480160001e-05,1.4058238055541652e-06,5.280802967596031e-05,0.0,Canada,CAN,quebec,,,Linux-6.17.3-3-cachyos-x86_64-with-glibc2.39,3.12.3,3.0.8,32.0,13th Gen Intel(R) Core(TM) i9-13900HX,1.0,1 x NVIDIA GeForce RTX 4070 Laptop GPU,-71.2,46.8,15.347404479980469,machine,N,1.0,0.0
2025-10-30T16:40:52,codecarbon,6254a4f0-7c9d-4fcf-9c6f-1d8f986fa5fd,5b0fa12a-3dd7-45bb-9766-cc326314d9f1,1.0227421929994307,2.081388320851973e-07,2.0351055574893348e-07,37.4351965184,163.21545853811622,10.0,5.315120983665534e-06,4.61311480160001e-05,1.4163330972223777e-06,5.286260209688801e-05,0.0,Canada,CAN,quebec,,,Linux-6.17.3-3-cachyos-x86_64-with-glibc2.39,3.12.3,3.0.8,32.0,13th Gen Intel(R) Core(TM) i9-13900HX,1.0,1 x NVIDIA GeForce RTX 4070 Laptop GPU,-71.2,46.8,15.347404479980469,machine,N,1.0,0.0
2025-10-30T16:40:52,codecarbon,0ac8fa8a-a10c-4ee0-9522-44e0abfcdb06,5b0fa12a-3dd7-45bb-9766-cc326314d9f1,1.0306967650012666,1.3484985456664224e-07,1.308336837231429e-07,41.8806235136,93.78763921049058,10.0,6.081671325278099e-06,2.67319658299979e-05,1.4352059527785364e-06,3.424884310805454e-05,0.0,Canada,CAN,quebec,,,Linux-6.17.3-3-cachyos-x86_64-with-glibc2.39,3.12.3,3.0.8,32.0,13th Gen Intel(R) Core(TM) i9-13900HX,1.0,1 x NVIDIA GeForce RTX 4070 Laptop GPU,-71.2,46.8,15.347404479980469,machine,N,1.0,0.0
2025-10-30T16:40:53,codecarbon,63129c58-3e82-4685-9db1-11e7c435c648,5b0fa12a-3dd7-45bb-9766-cc326314d9f1,1.0151653880002414,3.330565140987229e-05,3.280810378639936e-05,42.1575799808,139.96180174041194,10.0,5.96217598585746e-06,3.930975367000267e-05,1.4111897750000127e-06,4.668311943086014e-05,0.0,India,IND,uttar pradesh,,,Linux-6.17.3-3-cachyos-x86_64-with-glibc2.39,3.12.3,3.0.8,32.0,13th Gen Intel(R) Core(TM) i9-13900HX,1.0,1 x NVIDIA GeForce RTX 4070 Laptop GPU,80.3479,26.4631,15.347404479980469,machine,N,1.0,0.0
2025-10-30T16:40:53,codecarbon,e530eeed-5a40-4f1f-b468-7dad551df34b,5b0fa12a-3dd7-45bb-9766-cc326314d9f1,1.0153893759998027,1.5757428512279948e-07,1.551860683667721e-07,30.7390444544,122.06482310620672,10.0,4.340769403155818e-06,3.427280519599854e-05,1.4067649583315263e-06,4.002033955748589e-05,0.0,Canada,CAN,quebec,,,Linux-6.17.3-3-cachyos-x86_64-with-glibc2.39,3.12.3,3.0.8,32.0,13th Gen Intel(R) Core(TM) i9-13900HX,1.0,1 x NVIDIA GeForce RTX 4070 Laptop GPU,-71.2,46.8,15.347404479980469,machine,N,1.0,0.0
2025-10-30T16:40:53,codecarbon,6d049e25-46cc-4ecd-89c0-66323e7be25a,5b0fa12a-3dd7-45bb-9766-cc326314d9f1,1.0151913940007944,2.186849113714436e-07,2.154124952829067e-07,30.7390444544,177.2326660791289,10.0,4.342992442313666e-06,4.9789206498000727e-05,1.4088711166651693e-06,5.554107005697956e-05,0.0,Canada,CAN,quebec,,,Linux-6.17.3-3-cachyos-x86_64-with-glibc2.39,3.12.3,3.0.8,32.0,13th Gen Intel(R) Core(TM) i9-13900HX,1.0,1 x NVIDIA GeForce RTX 4070 Laptop GPU,-71.2,46.8,15.347404479980469,machine,N,1.0,0.0
2025-10-30T16:40:53,codecarbon,498b73fc-eb95-49df-a5af-601db2f209b5,5b0fa12a-3dd7-45bb-9766-cc326314d9f1,1.01475678099996,2.187468459242058e-07,2.15565788787978e-07,30.939852800000004,177.57977432702472,10.0,4.360464520583777e-06,4.9789206498000727e-05,1.4071290277772478e-06,5.555680004636175e-05,0.0,Canada,CAN,quebec,,,Linux-6.17.3-3-cachyos-x86_64-with-glibc2.39,3.12.3,3.0.8,32.0,13th Gen Intel(R) Core(TM) i9-13900HX,1.0,1 x NVIDIA GeForce RTX 4070 Laptop GPU,-71.2,46.8,15.347404479980469,machine,N,1.0,0.0
2025-10-30T16:40:53,codecarbon,6092644c-0a19-4985-b2dd-c3eac637a68c,5b0fa12a-3dd7-45bb-9766-cc326314d9f1,1.01684030099932,1.8303909251202614e-07,1.800077085183788e-07,29.757204070400004,145.27696573249392,10.0,4.214153171885796e-06,4.086058824399885e-05,1.4130889361088822e-06,4.648783035199353e-05,0.0,Canada,CAN,quebec,,,Linux-6.17.3-3-cachyos-x86_64-with-glibc2.39,3.12.3,3.0.8,32.0,13th Gen Intel(R) Core(TM) i9-13900HX,1.0,1 x NVIDIA GeForce RTX 4070 Laptop GPU,-71.2,46.8,15.347404479980469,machine,N,1.0,0.0
2025-10-30T16:40:54,codecarbon,9969d07b-41ab-4076-ab22-a30835c2664f,5b0fa12a-3dd7-45bb-9766-cc326314d9f1,1.014913166000042,1.8758544269662778e-07,1.8482905629841845e-07,31.966400000000007,148.6863455181885,10.0,4.510065329394032e-06,4.1724200046000526e-05,1.408236108333464e-06,4.764250148372802e-05,0.0,Canada,CAN,quebec,,,Linux-6.17.3-3-cachyos-x86_64-with-glibc2.39,3.12.3,3.0.8,32.0,13th Gen Intel(R) Core(TM) i9-13900HX,1.0,1 x NVIDIA GeForce RTX 4070 Laptop GPU,-71.2,46.8,15.347404479980469,machine,N,1.0,0.0
2025-10-30T16:40:54,codecarbon,5a54ca1f-344e-478a-908a-cb5a475553fb,5b0fa12a-3dd7-45bb-9766-cc326314d9f1,1.0226762800011784,1.8620485935405219e-07,1.820760518214401e-07,35.0451835904,144.40405459113,10.0,5.017962086322143e-06,4.084975490200107e-05,1.4241472444458245e-06,4.729186423276904e-05,0.0,Canada,CAN,quebec,,,Linux-6.17.3-3-cachyos-x86_64-with-glibc2.39,3.12.3,3.0.8,32.0,13th Gen Intel(R) Core(TM) i9-13900HX,1.0,1 x NVIDIA GeForce RTX 4070 Laptop GPU,-71.2,46.8,15.347404479980469,machine,N,1.0,0.0
2025-10-30T16:40:54,codecarbon,8c5906c2-37f8-4cda-b961-496adceda55c,5b0fa12a-3dd7-45bb-9766-cc326314d9f1,1.0171322969999892,1.85573459725207e-07,1.8244771134743444e-07,34.359593369600006,145.18514274015942,10.0,4.875077509629753e-06,4.084975490200107e-05,1.4066704555564986e-06,4.713150286718733e-05,0.0,Canada,CAN,quebec,,,Linux-6.17.3-3-cachyos-x86_64-with-glibc2.39,3.12.3,3.0.8,32.0,13th Gen Intel(R) Core(TM) i9-13900HX,1.0,1 x NVIDIA GeForce RTX 4070 Laptop GPU,-71.2,46.8,15.347404479980469,machine,N,1.0,0.0
2025-10-30T16:40:55,codecarbon,39032a12-b84f-4739-919e-c369429d6402,5b0fa12a-3dd7-45bb-9766-cc326314d9f1,1.0370355940012814,1.501365904227001e-07,1.4477477079008976e-07,22.3479898112,116.71445048089168,10.0,3.272218033131262e-06,3.340058227600112e-05,1.4585313611152946e-06,3.813133167024768e-05,0.0,Canada,CAN,quebec,,,Linux-6.17.3-3-cachyos-x86_64-with-glibc2.39,3.12.3,3.0.8,32.0,13th Gen Intel(R) Core(TM) i9-13900HX,1.0,1 x NVIDIA GeForce RTX 4070 Laptop GPU,-71.2,46.8,15.347404479980469,machine,N,1.0,0.0
2025-10-30T16:40:55,codecarbon,05eba13f-db44-46ff-a90d-712501c9ef62,5b0fa12a-3dd7-45bb-9766-cc326314d9f1,1.0144340790011483,1.0000372577953365e-07,9.858080268557348e-08,19.3740752,75.81412652539926,10.0,2.7279605879959484e-06,2.1265294789997446e-05,1.4054513944453598e-06,2.5398706772438755e-05,0.0,Canada,CAN,quebec,,,Linux-6.17.3-3-cachyos-x86_64-with-glibc2.39,3.12.3,3.0.8,32.0,13th Gen Intel(R) Core(TM) i9-13900HX,1.0,1 x NVIDIA GeForce RTX 4070 Laptop GPU,-71.2,46.8,15.347404479980469,machine,N,1.0,0.0
2025-10-30T16:40:55,codecarbon,9ae20ebb-eefd-46f6-937d-236fff0a7f5d,5b0fa12a-3dd7-45bb-9766-cc326314d9f1,1.015876182998909,1.2864896407504612e-07,1.2663842919839798e-07,19.5811177088,101.4292451151085,10.0,2.7680649225354123e-06,2.849613390799865e-05,1.4097569611092491e-06,3.267395579164332e-05,0.0,Canada,CAN,quebec,,,Linux-6.17.3-3-cachyos-x86_64-with-glibc2.39,3.12.3,3.0.8,32.0,13th Gen Intel(R) Core(TM) i9-13900HX,1.0,1 x NVIDIA GeForce RTX 4070 Laptop GPU,-71.2,46.8,15.347404479980469,machine,N,1.0,0.0
2025-10-30T16:40:56,codecarbon,7b8c9a3a-5b93-43fb-ae7a-8aea5dcabac3,5b0fa12a-3dd7-45bb-9766-cc326314d9f1,1.0130105080006615,1.4306170781869708e-07,1.41224307831764e-07,18.2196854912,115.5214321270204,10.0,2.563720965379806e-06,3.2365859226002325e-05,1.404889738887505e-06,3.633446993026963e-05,0.0,Canada,CAN,quebec,,,Linux-6.17.3-3-cachyos-x86_64-with-glibc2.39,3.12.3,3.0.8,32.0,13th Gen Intel(R) Core(TM) i9-13900HX,1.0,1 x NVIDIA GeForce RTX 4070 Laptop GPU,-71.2,46.8,15.347404479980469,machine,N,1.0,0.0
2025-10-30T16:40:56,codecarbon,3942d81c-fff6-42e3-accc-55da103a4dfe,5b0fa12a-3dd7-45bb-9766-cc326314d9f1,1.0202597560000868,1.5471073080311193e-05,1.5163857036726906e-05,20.117642124800007,62.19811898954646,10.0,2.8318914169194883e-06,1.744862507000247e-05,1.4046306805539644e-06,2.168514716747593e-05,0.0,India,IND,uttar pradesh,,,Linux-6.17.3-3-cachyos-x86_64-with-glibc2.39,3.12.3,3.0.8,32.0,13th Gen Intel(R) Core(TM) i9-13900HX,1.0,1 x NVIDIA GeForce RTX 4070 Laptop GPU,80.3479,26.4631,15.347404479980469,machine,N,1.0,0.0
2025-10-30T16:40:57,codecarbon,255239fe-bf6f-4c21-a906-66f4ffcce4bf,5b0fa12a-3dd7-45bb-9766-cc326314d9f1,1.0140262540007825,1.434563452702079e-07,1.414720227451795e-07,19.5289554944,115.08126476701382,10.0,2.753098829747049e-06,3.2274748041998674e-05,1.4068521333330056e-06,3.643469900507873e-05,0.0,Canada,CAN,quebec,,,Linux-6.17.3-3-cachyos-x86_64-with-glibc2.39,3.12.3,3.0.8,32.0,13th Gen Intel(R) Core(TM) i9-13900HX,1.0,1 x NVIDIA GeForce RTX 4070 Laptop GPU,-71.2,46.8,15.347404479980469,machine,N,1.0,0.0
2025-10-30T16:41:26,codecarbon,8c1b2b04-ef81-408d-8d64-cdef24ef0bda,5b0fa12a-3dd7-45bb-9766-cc326314d9f1,1.0125128340005176,1.5508412610214634e-07,1.5316756577731146e-07,28.1714621312,121.3778393403777,10.0,3.963500461378501e-06,3.4020304993998e-05,1.4040894777786489e-06,3.938789493315514e-05,0.0,Canada,CAN,quebec,,,Linux-6.17.3-3-cachyos-x86_64-with-glibc2.39,3.12.3,3.0.8,32.0,13th Gen Intel(R) Core(TM) i9-13900HX,1.0,1 x NVIDIA GeForce RTX 4070 Laptop GPU,-71.2,46.8,15.347404479980469,machine,N,1.0,0.0
2025-10-30T16:41:26,codecarbon,2c370d60-b358-4e21-89ac-e82f4c7c295b,5b0fa12a-3dd7-45bb-9766-cc326314d9f1,1.0220197310009098,1.8484733053883301e-07,1.8086473766783722e-07,33.79914709760001,144.55141366925443,10.0,4.758475677894626e-06,4.0783088182002464e-05,1.405518455557184e-06,4.6947082315454274e-05,0.0,Canada,CAN,quebec,,,Linux-6.17.3-3-cachyos-x86_64-with-glibc2.39,3.12.3,3.0.8,32.0,13th Gen Intel(R) Core(TM) i9-13900HX,1.0,1 x NVIDIA GeForce RTX 4070 Laptop GPU,-71.2,46.8,15.347404479980469,machine,N,1.0,0.0
2025-10-30T16:41:26,codecarbon,3b16c0b2-ae1f-4996-b50e-224374945757,5b0fa12a-3dd7-45bb-9766-cc326314d9f1,1.0168834679989232,3.3067551933434e-05,3.251852643302981e-05,36.4596608,141.44202174163505,10.0,5.16490023008794e-06,3.976947626000218e-05,1.4150089999980589e-06,4.634938549008818e-05,0.0,India,IND,uttar pradesh,,,Linux-6.17.3-3-cachyos-x86_64-with-glibc2.39,3.12.3,3.0.8,32.0,13th Gen Intel(R) Core(TM) i9-13900HX,1.0,1 x NVIDIA GeForce RTX 4070 Laptop GPU,80.3479,26.4631,15.347404479980469,machine,N,1.0,0.0
2025-10-30T16:44:20,codecarbon,f39b52b0-ed87-4964-9a0b-44ff6b6b12e3,5b0fa12a-3dd7-45bb-9766-cc326314d9f1,1.008256605000497,3.204183447204714e-06,3.177944415452785e-06,12.802809612800004,4.655465912393046,10.0,1.7925538361236791e-06,1.299723262002117e-06,1.398890983333937e-06,4.491168081459734e-06,0.0,India,IND,uttar pradesh,,,Linux-6.17.3-3-cachyos-x86_64-with-glibc2.39,3.12.3,3.0.8,32.0,13th Gen Intel(R) Core(TM) i9-13900HX,1.0,1 x NVIDIA GeForce RTX 4070 Laptop GPU,80.3479,26.4631,15.347404479980469,machine,N,1.0,0.0
2025-10-30T16:44:25,codecarbon,79b2a48e-eb86-45ac-89af-6abb05ac055e,5b0fa12a-3dd7-45bb-9766-cc326314d9f1,1.008053400999415,4.611329855385498e-06,4.574489655819506e-06,12.8009216,11.720776060101826,10.0,1.7926101466337703e-06,3.271947062004344e-06,1.39894833055223e-06,6.463505539190344e-06,0.0,India,IND,uttar pradesh,,,Linux-6.17.3-3-cachyos-x86_64-with-glibc2.39,3.12.3,3.0.8,32.0,13th Gen Intel(R) Core(TM) i9-13900HX,1.0,1 x NVIDIA GeForce RTX 4070 Laptop GPU,80.3479,26.4631,15.347404479980469,machine,N,1.0,0.0
2025-10-30T16:44:31,codecarbon,0e4189c7-9251-4f27-b61a-b88180549603,5b0fa12a-3dd7-45bb-9766-cc326314d9f1,1.008519566001269,9.505532803367284e-06,9.425233901069724e-06,12.8003161088,36.262688813312906,10.0,1.7940585058662803e-06,1.0129730325998676e-05,1.3997134666674862e-06,1.3323502298532443e-05,0.0,India,IND,uttar pradesh,,,Linux-6.17.3-3-cachyos-x86_64-with-glibc2.39,3.12.3,3.0.8,32.0,13th Gen Intel(R) Core(TM) i9-13900HX,1.0,1 x NVIDIA GeForce RTX 4070 Laptop GPU,80.3479,26.4631,15.347404479980469,machine,N,1.0,0.0
2025-10-30T16:44:36,codecarbon,e7fdc979-1406-434e-80f5-33843cfd22e7,5b0fa12a-3dd7-45bb-9766-cc326314d9f1,1.0079092729993135,4.596619473112973e-06,4.560548847253341e-06,12.801401638400002,11.650121891231604,10.0,1.792314240521015e-06,3.252224823998423e-06,1.3983475555556249e-06,6.442886620075063e-06,0.0,India,IND,uttar pradesh,,,Linux-6.17.3-3-cachyos-x86_64-with-glibc2.39,3.12.3,3.0.8,32.0,13th Gen Intel(R) Core(TM) i9-13900HX,1.0,1 x NVIDIA GeForce RTX 4070 Laptop GPU,80.3479,26.4631,15.347404479980469,machine,N,1.0,0.0
2025-10-30T16:44:42,codecarbon,509ea772-f0d2-4450-85fb-e2b6e1a253a1,5b0fa12a-3dd7-45bb-9766-cc326314d9f1,1.008016444999157,1.4490036928476024e-05,1.437480211792392e-05,12.809813196800004,61.30327124497455,10.0,1.7940134842200449e-06,1.7117235915999063e-05,1.3988209888894847e-06,2.031007038910859e-05,0.0,India,IND,uttar pradesh,,,Linux-6.17.3-3-cachyos-x86_64-with-glibc2.39,3.12.3,3.0.8,32.0,13th Gen Intel(R) Core(TM) i9-13900HX,1.0,1 x NVIDIA GeForce RTX 4070 Laptop GPU,80.3479,26.4631,15.347404479980469,machine,N,1.0,0.0
2025-10-30T16:44:48,codecarbon,de697095-c071-4e29-9a2b-55b92fca477a,5b0fa12a-3dd7-45bb-9766-cc326314d9f1,1.0089164700002584,7.397802295472008e-06,7.332422966065876e-06,12.8002530944,25.69486811265072,10.0,1.793576782804589e-06,7.176394629999916e-06,1.3992143999985277e-06,1.0369185812803033e-05,0.0,India,IND,uttar pradesh,,,Linux-6.17.3-3-cachyos-x86_64-with-glibc2.39,3.12.3,3.0.8,32.0,13th Gen Intel(R) Core(TM) i9-13900HX,1.0,1 x NVIDIA GeForce RTX 4070 Laptop GPU,80.3479,26.4631,15.347404479980469,machine,N,1.0,0.0
2025-10-30T16:44:53,codecarbon,bdf9a65d-5cbe-41b1-b88c-3b189251c9f6,5b0fa12a-3dd7-45bb-9766-cc326314d9f1,1.009092280999539,1.1620265027120191e-05,1.151556229883152e-05,12.8002530944,46.85117283299197,10.0,1.795152316174742e-06,1.3091954918002108e-05,1.4005255583318406e-06,1.628763279250869e-05,0.0,India,IND,uttar pradesh,,,Linux-6.17.3-3-cachyos-x86_64-with-glibc2.39,3.12.3,3.0.8,32.0,13th Gen Intel(R) Core(TM) i9-13900HX,1.0,1 x NVIDIA GeForce RTX 4070 Laptop GPU,80.3479,26.4631,15.347404479980469,machine,N,1.0,0.0
2025-10-30T16:44:59,codecarbon,4d6b313f-56db-4317-a340-18f3d3734bac,5b0fa12a-3dd7-45bb-9766-cc326314d9f1,1.0093475360008597,5.337525084941315e-06,5.288094431863526e-06,12.800388800000004,15.3239552574679,10.0,1.7958728413120064e-06,4.284170094001616e-06,1.4013396666693247e-06,7.481382601982947e-06,0.0,India,IND,uttar pradesh,,,Linux-6.17.3-3-cachyos-x86_64-with-glibc2.39,3.12.3,3.0.8,32.0,13th Gen Intel(R) Core(TM) i9-13900HX,1.0,1 x NVIDIA GeForce RTX 4070 Laptop GPU,80.3479,26.4631,15.347404479980469,machine,N,1.0,0.0
2025-10-30T16:45:04,codecarbon,760aac8c-b913-4cfc-b7b4-8ce079b31e4a,5b0fa12a-3dd7-45bb-9766-cc326314d9f1,1.0091295610000088,2.8936704734759104e-06,2.867491534593827e-06,12.802528870400003,3.081913717590325,10.0,1.7950101398467545e-06,8.608340219991295e-07,1.4000910500019218e-06,4.055935211847806e-06,0.0,India,IND,uttar pradesh,,,Linux-6.17.3-3-cachyos-x86_64-with-glibc2.39,3.12.3,3.0.8,32.0,13th Gen Intel(R) Core(TM) i9-13900HX,1.0,1 x NVIDIA GeForce RTX 4070 Laptop GPU,80.3479,26.4631,15.347404479980469,machine,N,1.0,0.0
2025-10-30T16:45:10,codecarbon,983b30bf-f035-44e8-bc09-32235c7acce0,5b0fa12a-3dd7-45bb-9766-cc326314d9f1,1.0090438259994698,6.441386054377161e-06,6.383653403752698e-06,12.8010668672,20.88055158394717,10.0,1.7940122153264423e-06,5.83500466800474e-06,1.3996008361118583e-06,9.02861771944304e-06,0.0,India,IND,uttar pradesh,,,Linux-6.17.3-3-cachyos-x86_64-with-glibc2.39,3.12.3,3.0.8,32.0,13th Gen Intel(R) Core(TM) i9-13900HX,1.0,1 x NVIDIA GeForce RTX 4070 Laptop GPU,80.3479,26.4631,15.347404479980469,machine,N,1.0,0.0
2025-10-30T16:45:27,codecarbon,0bbb9c71-691d-4627-8405-be0bdda2f800,5b0fa12a-3dd7-45bb-9766-cc326314d9f1,1.006180189999213,1.117783955152812e-05,1.110918269175709e-05,12.8020247552,44.756779897556,10.0,1.790610934533012e-06,1.24788988720044e-05,1.3979939555509998e-06,1.5667503762088414e-05,0.0,India,IND,uttar pradesh,,,Linux-6.17.3-3-cachyos-x86_64-with-glibc2.39,3.12.3,3.0.8,32.0,13th Gen Intel(R) Core(TM) i9-13900HX,1.0,1 x NVIDIA GeForce RTX 4070 Laptop GPU,80.3479,26.4631,15.347404479980469,machine,N,1.0,0.0
2025-10-30T16:45:32,codecarbon,5660a3d6-fe97-45dd-8c6d-cc75a58b5f87,5b0fa12a-3dd7-45bb-9766-cc326314d9f1,1.0073071569986496,1.1654793347644171e-05,1.1570247730960772e-05,12.800388800000004,47.09601116871983,10.0,1.7906996886228608e-06,1.3146677183998453e-05,1.398652802774652e-06,1.6336029675395964e-05,0.0,India,IND,uttar pradesh,,,Linux-6.17.3-3-cachyos-x86_64-with-glibc2.39,3.12.3,3.0.8,32.0,13th Gen Intel(R) Core(TM) i9-13900HX,1.0,1 x NVIDIA GeForce RTX 4070 Laptop GPU,80.3479,26.4631,15.347404479980469,machine,N,1.0,0.0
2025-10-30T16:45:38,codecarbon,24827d28-a9d7-4a96-8ab7-ca80b1c6bde8,5b0fa12a-3dd7-45bb-9766-cc326314d9f1,1.00687079599993,9.661231403019762e-06,9.595304026496395e-06,12.800388800000004,37.11067393457828,10.0,1.79091969531193e-06,1.035195272599751e-05,1.3988660027785552e-06,1.3541738424087994e-05,0.0,India,IND,uttar pradesh,,,Linux-6.17.3-3-cachyos-x86_64-with-glibc2.39,3.12.3,3.0.8,32.0,13th Gen Intel(R) Core(TM) i9-13900HX,1.0,1 x NVIDIA GeForce RTX 4070 Laptop GPU,80.3479,26.4631,15.347404479980469,machine,N,1.0,0.0
2025-10-30T16:45:44,codecarbon,450300c3-96da-4131-ae17-3c152e732cab,5b0fa12a-3dd7-45bb-9766-cc326314d9f1,1.0066886539989357,5.28231055848435e-06,5.247213761177382e-06,12.8004718592,15.11745824126706,10.0,1.789842860110116e-06,4.216114484e-06,1.3980333972186702e-06,7.403990741328786e-06,0.0,India,IND,uttar pradesh,,,Linux-6.17.3-3-cachyos-x86_64-with-glibc2.39,3.12.3,3.0.8,32.0,13th Gen Intel(R) Core(TM) i9-13900HX,1.0,1 x NVIDIA GeForce RTX 4070 Laptop GPU,80.3479,26.4631,15.347404479980469,machine,N,1.0,0.0
2025-10-30T16:45:49,codecarbon,da05b960-6275-4e26-91d6-6250021b2816,5b0fa12a-3dd7-45bb-9766-cc326314d9f1,1.0074420769997232,1.229306291665538e-05,1.220225281166091e-05,12.8010668672,50.3138733199768,10.0,1.7922237036015485e-06,1.4038622342001789e-05,1.3998190222234067e-06,1.7230665067826744e-05,0.0,India,IND,uttar pradesh,,,Linux-6.17.3-3-cachyos-x86_64-with-glibc2.39,3.12.3,3.0.8,32.0,13th Gen Intel(R) Core(TM) i9-13900HX,1.0,1 x NVIDIA GeForce RTX 4070 Laptop GPU,80.3479,26.4631,15.347404479980469,machine,N,1.0,0.0
2025-10-30T16:45:55,codecarbon,504088ae-ff78-40e2-9127-5dea894f2334,5b0fa12a-3dd7-45bb-9766-cc326314d9f1,1.0067304339991097,5.645005805446406e-06,5.607266468564313e-06,12.8037748736,16.929084982886906,10.0,1.7915778767059163e-06,4.722503778000625e-06,1.398283636111349e-06,7.91236529081789e-06,0.0,India,IND,uttar pradesh,,,Linux-6.17.3-3-cachyos-x86_64-with-glibc2.39,3.12.3,3.0.8,32.0,13th Gen Intel(R) Core(TM) i9-13900HX,1.0,1 x NVIDIA GeForce RTX 4070 Laptop GPU,80.3479,26.4631,15.347404479980469,machine,N,1.0,0.0
2025-10-30T16:46:00,codecarbon,16f9e4d9-bb1e-4ffa-8ea8-f5e25f998969,5b0fa12a-3dd7-45bb-9766-cc326314d9f1,1.006770954998501,5.8139606536694856e-06,5.774859340949244e-06,12.8091592064,17.76583392866525,10.0,1.7933783753785662e-06,4.956670632001725e-06,1.3991331305533096e-06,8.1491821379336e-06,0.0,India,IND,uttar pradesh,,,Linux-6.17.3-3-cachyos-x86_64-with-glibc2.39,3.12.3,3.0.8,32.0,13th Gen Intel(R) Core(TM) i9-13900HX,1.0,1 x NVIDIA GeForce RTX 4070 Laptop GPU,80.3479,26.4631,15.347404479980469,machine,N,1.0,0.0
2025-10-30T16:46:06,codecarbon,e0d8c4e0-03ff-4b84-a5e3-bc8c88385e59,5b0fa12a-3dd7-45bb-9766-cc326314d9f1,1.0067411999989415,2.9783551711990496e-06,2.958411924735156e-06,12.8018,3.5362012762788417,10.0,1.790535900929031e-06,9.861119000011132e-07,1.397986361108552e-06,4.1746341620386966e-06,0.0,India,IND,uttar pradesh,,,Linux-6.17.3-3-cachyos-x86_64-with-glibc2.39,3.12.3,3.0.8,32.0,13th Gen Intel(R) Core(TM) i9-13900HX,1.0,1 x NVIDIA GeForce RTX 4070 Laptop GPU,80.3479,26.4631,15.347404479980469,machine,N,1.0,0.0
2025-10-30T16:46:11,codecarbon,484c9d9f-d38e-460d-b4eb-1b09798f56a6,5b0fa12a-3dd7-45bb-9766-cc326314d9f1,1.006539984000483,1.2435740792271996e-05,1.2354939684409033e-05,12.8068335488,51.06908508543176,10.0,1.791201011578155e-06,1.424167805999868e-05,1.3977715249994718e-06,1.7430650596576308e-05,0.0,India,IND,uttar pradesh,,,Linux-6.17.3-3-cachyos-x86_64-with-glibc2.39,3.12.3,3.0.8,32.0,13th Gen Intel(R) Core(TM) i9-13900HX,1.0,1 x NVIDIA GeForce RTX 4070 Laptop GPU,80.3479,26.4631,15.347404479980469,machine,N,1.0,0.0
2025-10-30T16:46:17,codecarbon,9cb2429b-1084-48c5-9c74-caba6a7dcfdf,5b0fa12a-3dd7-45bb-9766-cc326314d9f1,1.0066820409992943,1.2879369785565204e-05,1.2793880551182131e-05,12.8009216,53.28801419366044,10.0,1.7902779111744878e-06,1.4863900779999578e-05,1.3982878555553825e-06,1.8052466546729448e-05,0.0,India,IND,uttar pradesh,,,Linux-6.17.3-3-cachyos-x86_64-with-glibc2.39,3.12.3,3.0.8,32.0,13th Gen Intel(R) Core(TM) i9-13900HX,1.0,1 x NVIDIA GeForce RTX 4070 Laptop GPU,80.3479,26.4631,15.347404479980469,machine,N,1.0,0.0
